-- phpMyAdmin SQL Dump
-- version 4.5.4.1
-- http://www.phpmyadmin.net
--
-- Хост: localhost
-- Время создания: Апр 18 2020 г., 16:52
-- Версия сервера: 5.7.11
-- Версия PHP: 5.6.18

SET SQL_MODE = "NO_AUTO_VALUE_ON_ZERO";
SET time_zone = "+00:00";


/*!40101 SET @OLD_CHARACTER_SET_CLIENT=@@CHARACTER_SET_CLIENT */;
/*!40101 SET @OLD_CHARACTER_SET_RESULTS=@@CHARACTER_SET_RESULTS */;
/*!40101 SET @OLD_COLLATION_CONNECTION=@@COLLATION_CONNECTION */;
/*!40101 SET NAMES utf8mb4 */;

--
-- База данных: `tenishev_303`
--

-- --------------------------------------------------------

--
-- Структура таблицы `exam`
--

CREATE TABLE `exam` (
  `id` int(100) NOT NULL,
  `Date` date NOT NULL,
  `Subject_id` int(100) NOT NULL,
  `Student_id` int(100) NOT NULL,
  `Points` int(100) NOT NULL,
  `Mark` varchar(100) CHARACTER SET utf8 NOT NULL
) ENGINE=InnoDB DEFAULT CHARSET=latin1;

--
-- Дамп данных таблицы `exam`
--

INSERT INTO `exam` (`id`, `Date`, `Subject_id`, `Student_id`, `Points`, `Mark`) VALUES
(1, '2019-12-28', 2, 20, 56, 'Зачёт'),
(2, '2019-01-15', 4, 20, 87, '5'),
(3, '2020-01-15', 6, 20, 71, '4'),
(4, '2019-12-25', 9, 20, 99, 'Зачёт'),
(5, '2019-01-18', 3, 2, 80, '4'),
(6, '2019-12-30', 7, 2, 75, 'Зачёт'),
(7, '2019-12-30', 1, 2, 56, 'Зачёт'),
(8, '2020-01-20', 6, 2, 86, '5'),
(9, '2019-06-21', 6, 9, 90, '5'),
(10, '2019-12-28', 2, 9, 78, 'Зачёт'),
(11, '2019-05-30', 5, 9, 60, 'Зачёт'),
(12, '2019-01-15', 4, 9, 89, '5'),
(13, '2020-01-15', 6, 17, 56, '3'),
(14, '2019-12-30', 1, 17, 56, 'Зачёт'),
(15, '2019-12-25', 9, 17, 71, 'Зачёт'),
(16, '2019-01-18', 3, 17, 61, '3'),
(17, '2020-01-20', 6, 14, 63, '3'),
(18, '2019-12-28', 2, 14, 67, 'Зачёт'),
(19, '2020-01-15', 10, 14, 74, '4'),
(20, '2019-12-30', 7, 14, 87, 'Зачёт'),
(21, '2020-12-25', 16, 28, 90, 'зачет'),
(22, '2020-12-25', 16, 29, 65, 'зачет'),
(23, '2020-12-25', 16, 41, 76, 'зачет'),
(24, '2020-12-25', 16, 44, 52, 'зачет'),
(25, '2020-12-25', 16, 47, 59, 'зачет'),
(26, '2020-12-30', 17, 28, 78, 'зачет'),
(27, '2020-12-30', 17, 29, 63, 'зачет'),
(28, '2020-12-30', 17, 41, 59, 'зачет'),
(29, '2020-12-30', 17, 44, 60, 'зачет'),
(30, '2020-12-30', 17, 47, 100, 'зачет'),
(31, '2020-01-18', 11, 28, 97, '5'),
(32, '2020-01-18', 11, 29, 75, '4'),
(33, '2020-01-18', 11, 41, 78, '4'),
(34, '2020-01-18', 15, 41, 60, '3'),
(35, '2020-01-18', 11, 47, 80, '4'),
(36, '2020-01-22', 18, 28, 79, '4'),
(37, '2020-01-22', 18, 29, 86, '5'),
(38, '2020-01-22', 18, 41, 55, '3'),
(39, '2020-01-22', 18, 44, 59, '3'),
(40, '2020-01-22', 18, 47, 78, '4'),
(41, '2020-12-18', 22, 48, 57, 'зачет'),
(42, '2020-12-18', 22, 49, 87, 'зачет'),
(43, '2020-12-18', 22, 59, 60, 'зачет'),
(44, '2020-12-18', 22, 60, 88, 'зачет'),
(45, '2020-12-18', 22, 66, 59, 'зачет'),
(46, '2020-12-22', 20, 48, 67, 'зачет'),
(47, '2020-12-22', 20, 49, 67, 'зачет'),
(48, '2020-12-22', 20, 59, 79, 'зачет'),
(49, '2020-12-22', 20, 60, 60, 'зачет'),
(50, '2020-12-22', 20, 66, 89, 'зачет'),
(51, '2020-01-10', 24, 48, 77, '4'),
(52, '2020-01-10', 24, 49, 75, '4'),
(53, '2020-01-10', 24, 59, 65, '3'),
(54, '2020-01-10', 24, 60, 61, '3'),
(55, '2020-01-10', 24, 66, 87, '5'),
(56, '2020-01-14', 19, 48, 58, '3'),
(57, '2020-01-14', 19, 49, 86, '5'),
(58, '2020-01-14', 19, 58, 79, '4'),
(59, '2020-01-14', 19, 60, 90, '5'),
(60, '2020-01-14', 19, 66, 85, '4');

-- --------------------------------------------------------

--
-- Структура таблицы `number_of_course`
--

CREATE TABLE `number_of_course` (
  `Course_number` int(100) NOT NULL,
  `Beginning_of_education` date NOT NULL
) ENGINE=InnoDB DEFAULT CHARSET=latin1;

--
-- Дамп данных таблицы `number_of_course`
--

INSERT INTO `number_of_course` (`Course_number`, `Beginning_of_education`) VALUES
(4, '2016-09-01'),
(3, '2017-09-01'),
(2, '2018-09-01'),
(1, '2019-09-01');

-- --------------------------------------------------------

--
-- Структура таблицы `student`
--

CREATE TABLE `student` (
  `Id` int(100) NOT NULL,
  `Surname` varchar(100) CHARACTER SET utf8 NOT NULL,
  `Name` varchar(100) CHARACTER SET utf8 NOT NULL,
  `Patronymic` varchar(100) CHARACTER SET utf8 NOT NULL,
  `Direction_code` varchar(100) NOT NULL,
  `Group_number` varchar(100) NOT NULL,
  `Gender` varchar(100) CHARACTER SET utf8 NOT NULL,
  `Date_of_birth` date NOT NULL,
  `Number_of_student_ticket` int(100) NOT NULL,
  `Date_of_issue_of_student_ticket` date NOT NULL,
  `Is_a_head_of_group` tinyint(1) NOT NULL
) ENGINE=InnoDB DEFAULT CHARSET=latin1;

--
-- Дамп данных таблицы `student`
--

INSERT INTO `student` (`Id`, `Surname`, `Name`, `Patronymic`, `Direction_code`, `Group_number`, `Gender`, `Date_of_birth`, `Number_of_student_ticket`, `Date_of_issue_of_student_ticket`, `Is_a_head_of_group`) VALUES
(1, 'Борисова', 'Евгения', 'Михайловна', '01.03.02', '03', 'Женский', '1999-07-31', 170156, '2017-09-01', 0),
(2, 'Викторович', 'Евгений', 'Витальевич', '01.03.02', '03', 'Мужской', '1999-12-14', 170194, '2017-09-01', 0),
(3, 'Волков', 'Дмитрий', 'Алексеевич', '01.03.02', '03', 'Мужской', '1999-08-03', 170246, '2017-09-01', 0),
(4, 'Дрыгина', 'Эвелина', 'Анатольевна', '01.03.02', '03', 'Женский', '1999-09-14', 170115, '2017-09-01', 0),
(5, 'Епифанова', 'Татьяна', 'Сергеевна', '01.03.02', '03', 'Женский', '1999-05-22', 170387, '2017-09-01', 0),
(6, 'Ерёмкин', 'Никита', 'Вячеславович', '01.03.02', '03', 'Мужской', '1999-04-14', 170299, '2017-09-01', 0),
(7, 'Игайкин', 'Иван', 'Вячеславович', '01.03.02', '03', 'Мужской', '1999-10-08', 170132, '2017-09-01', 0),
(8, 'Кемайкина', 'Ирина', 'Сергеевна', '01.03.02', '03', 'Женский', '1999-12-15', 170267, '2017-09-01', 0),
(9, 'Киселёв', 'Илья', 'Сергеевич', '01.03.02', '03', 'Мужской', '2000-01-25', 170345, '2017-09-01', 0),
(10, 'Кобызев', 'Кирилл', 'Вадимович', '01.03.02', '03', 'Мужской', '1999-08-24', 170313, '2017-09-01', 0),
(11, 'Макарова', 'Анна', 'Алексеевна', '01.03.02', '03', 'Женский', '1999-11-22', 170499, '2017-09-01', 1),
(12, 'Малова', 'Валерия', 'Александровна', '01.03.02', '03', 'Женский', '1999-07-25', 170456, '2017-09-01', 0),
(13, 'Медведева', 'Мария', 'Александровна', '01.03.02', '03', 'Женский', '1999-03-22', 170471, '2017-09-01', 0),
(14, 'Муртазин', 'Равиль', 'Ряшидович', '01.03.02', '03', 'Мужской', '1999-12-19', 170538, '2017-09-01', 0),
(15, 'Начинкина', 'Олеся', 'Алексеевна', '01.03.02', '03', 'Женский', '1999-06-20', 170501, '2017-09-01', 0),
(16, 'Панкратов', 'Дмитрий', 'Витальевич', '01.03.02', '03', 'Мужской', '1998-09-07', 160999, '2017-09-01', 0),
(17, 'Рузаев', 'Олег', 'Николаевич', '01.03.02', '03', 'Мужской', '1999-09-30', 170547, '2017-09-01', 0),
(18, 'Сиркин', 'Александр', 'Алексеевич', '01.03.02', '03', 'Мужской', '2000-04-30', 170679, '2017-09-01', 0),
(19, 'Советникова', 'Карина', 'Владиславовна', '01.03.02', '03', 'Женский', '1999-03-31', 170713, '2017-09-01', 0),
(20, 'Тенишев', 'Илья', 'Ринатович', '01.03.02', '03', 'Мужской', '1999-09-22', 170979, '2017-09-01', 0),
(21, 'Терёшкин', 'Кирилл', 'Игоревич', '01.03.02', '03', 'Мужской', '1999-11-03', 170819, '2017-09-01', 0),
(22, 'Токарева', 'Алина', 'Александровна', '01.03.02', '03', 'Женский', '1999-09-13', 170815, '2017-09-01', 0),
(23, 'Шмелева', 'Оксана', 'Витальевна', '01.03.02', '03', 'Женский', '1999-07-14', 170954, '2017-09-01', 0),
(24, 'Александров', 'Кирилл', 'Витальевич', '02.03.02', '02', 'Мужской', '1999-05-27', 303982, '2017-09-01', 0),
(25, 'Антонов', 'Кирилл', 'Юрьевич', '02.03.02', '02', 'Мужской', '1999-10-12', 204993, '2017-09-01', 0),
(26, 'Арянов', 'Владислав', 'Александрович', '02.03.02', '02', 'Мужской', '2000-03-13', 29983, '2017-09-01', 0),
(27, 'Балашов', 'Владислав', 'Владимирович', '02.03.02', '02', 'Мужской', '1999-09-14', 192398, '2017-09-01', 0),
(28, 'Бикмаев', 'Рафик', 'Равилевич', '02.03.02', '02', 'Мужской', '1999-05-22', 29882, '2017-09-01', 0),
(29, 'Булатова', 'Гюзяль', 'Робертовна', '02.03.02', '02', 'Женский', '1999-04-14', 837774, '2017-09-01', 1),
(30, 'Гераськин', 'Вячеслав', 'Михайлович', '02.03.02', '02', 'Мужской', '1999-10-08', 939023, '2017-09-01', 0),
(31, 'Дурнаев', 'Николай', 'Сергеевич', '02.03.02', '02', 'Мужской', '1999-12-15', 39984, '2017-09-01', 0),
(32, 'Егоров', 'Олег', 'Александрович', '02.03.02', '02', 'Мужской', '2000-01-25', 928873, '2017-09-01', 0),
(33, 'Кирюшкин', 'Илья', 'Александрович', '02.03.02', '02', 'Мужской', '1999-08-12', 29994, '2017-09-01', 0),
(34, 'Кокулов', 'Андрей', 'Федорович', '02.03.02', '02', 'Мужской', '1999-07-29', 192993, '2017-09-01', 0),
(35, 'Кудашкин', 'Алексей', 'Евгеньевич', '02.03.02', '02', 'Мужской', '1999-07-05', 393882, '2017-09-01', 0),
(36, 'Лихорадов', 'Иван', 'Иванович', '02.03.02', '02', 'Мужской', '2000-02-14', 929935, '2017-09-01', 0),
(37, 'Логинов', 'Антон', 'Дмитриевич', '02.03.02', '02', 'Мужской', '1999-08-19', 683992, '2017-09-01', 0),
(38, 'Ломайкин', 'Алексей', 'Дмитриевич', '02.03.02', '02', 'Мужской', '2000-06-18', 929937, '2017-09-01', 0),
(39, 'Макушев', 'Владислав', 'Анатольевич', '02.03.02', '02', 'Мужской', '1999-03-17', 39898, '2017-09-01', 0),
(40, 'Макшев', 'Никита', 'Иванович', '02.03.02', '02', 'Мужской', '2000-04-13', 789212, '2017-09-01', 0),
(41, 'Матвеев', 'Михаил', 'Дмитриевич', '02.03.02', '02', 'Мужской', '1999-03-31', 939002, '2017-09-01', 0),
(42, 'Парамонов', 'Олег', 'Николаевич', '02.03.02', '02', 'Мужской', '2000-02-24', 49382, '2017-09-01', 0),
(43, 'Плаксин', 'Дмитрий', 'Викторовчи', '02.03.02', '02', 'Мужской', '1999-11-19', 837747, '2017-09-01', 0),
(44, 'Сазонов', 'Дмитрий', 'Александрович', '02.03.02', '02', 'Мужской', '1999-09-13', 588995, '2017-09-01', 0),
(45, 'Сюсин', 'Александр', 'Васильевич', '02.03.02', '02', 'Мужской', '1999-07-14', 19928, '2017-09-01', 0),
(46, 'Тростин', 'Сергей', 'Александрович', '02.03.02', '02', 'Мужской', '1999-09-11', 588995, '2017-09-01', 0),
(47, 'Шабарин', 'Игорь', 'Александрович', '02.03.02', '02', 'Мужской', '1999-09-17', 588995, '2017-09-01', 0),
(48, 'Бутузов', 'Андрей', 'Витальевич', '09.03.04', '04', 'Мужской', '1999-03-27', 823899, '2017-09-01', 0),
(49, 'Гришунин', 'Андрей', 'Александрович', '09.03.04', '04', 'Мужской', '1999-11-12', 594936, '2017-09-01', 0),
(50, 'Заичкин', 'Владимир', 'Сергеевич', '09.03.04', '04', 'Мужской', '2000-03-18', 928833, '2017-09-01', 0),
(51, 'Зеткин', 'Николай', 'Сергеевич', '09.03.04', '04', 'Мужской', '1999-01-14', 929934, '2017-09-01', 0),
(52, 'Ирискулова', 'Ситора', 'Набижон кизи', '09.03.04', '04', 'Женский', '1999-05-25', 998825, '2017-09-01', 0),
(53, 'Коченова', 'Анастасия', 'Васильевна', '09.03.04', '04', 'Женский', '1999-05-14', 182882, '2017-09-01', 0),
(54, 'Крылов', 'Дмитрий', 'Сергеевич', '09.03.04', '04', 'Мужской', '1999-10-06', 30993, '2017-09-01', 0),
(55, 'Куликов', 'Владислав', 'Вячеславович', '09.03.04', '04', 'Мужской', '1999-12-18', 828891, '2017-09-01', 0),
(56, 'Новиков', 'Сергей', 'Евгеньевич', '09.03.04', '04', 'Мужской', '2000-01-21', 939892, '2017-09-01', 0),
(57, 'Орешин', 'Антон', 'Петрович', '09.03.04', '04', 'Мужской', '1999-08-15', 30021, '2017-09-01', 0),
(58, 'Петряков', 'Дмитрий', 'Александрович', '09.03.04', '04', 'Мужской', '1999-07-20', 828911, '2017-09-01', 0),
(59, 'Родионова', 'Дарья', 'Александровна', '09.03.04', '04', 'Женский', '1999-05-05', 929933, '2017-09-01', 1),
(60, 'Рузманов', 'Антон', 'Владимирович', '09.03.04', '04', 'Мужской', '2000-02-10', 39929, '2017-09-01', 0),
(61, 'Тутарова', 'Татьяна', 'Сергеевна', '09.03.04', '04', 'Женский', '1999-03-19', 838922, '2017-09-01', 0),
(62, 'Хачманукьян', 'Аркадий', 'Геннадьевич', '09.03.04', '04', 'Мужской', '2000-08-18', 939929, '2017-09-01', 0),
(63, 'Хрущев', 'Дмитрий', 'Сергеевич', '09.03.04', '04', 'Мужской', '1999-03-16', 848893, '2017-09-01', 0),
(64, 'Чернов', 'Артем', 'Андреевич', '09.03.04', '04', 'Мужской', '2000-04-18', 789712, '2017-09-01', 0),
(65, 'Чернов', 'Роман', 'Андреевич', '09.03.04', '04', 'Мужской', '1999-03-30', 939006, '2017-09-01', 0),
(66, 'Якушкин', 'Михаил', 'Алексеевич', '09.03.04', '04', 'Мужской', '2000-04-24', 939922, '2017-09-01', 0),
(67, 'Петров', 'Иван', 'Павлович', '01.03.02', '03', 'Мужской', '2000-03-15', 515342, '2018-09-01', 0),
(68, 'Зуев', 'Марат', 'Романович', '01.03.02', '03', 'Мужской', '2000-12-04', 907456, '2018-09-01', 0),
(69, 'Власова', 'Оксана', 'Леонидовна', '01.03.02', '03', 'Женский', '2000-07-21', 907844, '2018-09-01', 0),
(70, 'Алексеев', 'Алексей', 'Евгеньевич', '01.03.02', '03', 'Мужской', '1999-04-11', 907509, '2018-09-01', 1),
(71, 'Никонова', 'София', ' Андреевна', '01.03.02', '03', 'Женский', '2000-03-29', 907671, '2018-09-01', 0),
(72, 'Титов ', 'Егор', 'Евгеньевич', '02.03.01', '01', 'Мужской', '2000-05-05', 890765, '2018-09-01', 0),
(73, 'Шарапов', 'Илья', 'Данилович', '02.03.01', '01', 'Мужской', '2000-10-14', 876364, '2018-09-01', 0),
(74, 'Якушева', 'Майя', 'Васильевна', '02.03.01', '01', 'Женский', '2000-11-27', 809162, '2018-09-01', 1),
(75, 'Баранов', 'Эдуард', 'Борисович', '02.03.01', '01', 'Мужской', '2000-09-11', 892014, '2018-09-01', 0),
(76, 'Шашкова', 'Диана', ' Петровна', '02.03.01', '01', 'Женский', '2000-08-21', 809781, '2018-09-01', 0),
(77, 'Воронов ', 'Тимур', 'Сергеевич', '02.03.02', '02', 'Мужской', '2000-10-12', 789071, '2018-09-01', 0),
(78, 'Кузьмин', 'Анатолий', 'Станиславович', '02.03.02', '02', 'Мужской', '2000-04-30', 709812, '2018-09-01', 0),
(79, 'Мартынова', 'Дина', 'Львовна', '02.03.02', '02', 'Женский', '2000-09-10', 706512, '2018-09-01', 0),
(80, 'Рожков', 'Филипп', 'Владимирович', '02.03.02', '02', 'Мужской', '2000-02-08', 789123, '2018-09-01', 0),
(81, 'Никифорова', 'Маргарита', ' Вадимовна', '02.03.02', '02', 'Женский', '2000-06-28', 756812, '2018-09-01', 1),
(82, 'Одинцов', 'Игорь', 'Данилович', '09.03.04', '04', 'Мужской', '2000-05-16', 981732, '2018-09-01', 1),
(83, 'Семёнов', 'Роберт', 'Петрович', '09.03.04', '04', 'Мужской', '2000-09-09', 908754, '2018-09-01', 0),
(84, 'Третьякова', 'Светлана', 'Виталиевна', '09.03.04', '04', 'Женский', '2000-12-26', 907812, '2018-09-01', 0),
(85, 'Доронин', 'Сергей', 'Фёдорович', '09.03.04', '04', 'Мужской', '1999-08-17', 987612, '2018-09-01', 0),
(86, 'Гордеева', 'Варвара', ' Александровна', '09.03.04', '04', 'Женский', '2000-01-29', 907123, '2018-09-01', 0),
(87, 'Иващенко ', 'Назар', 'Ярославович', '02.03.01', '01', 'Мужской', '2001-12-05', 678916, '2019-09-01', 0),
(88, 'Лукин', 'Евсей', 'Станиславович', '02.03.01', '01', 'Мужской', '2001-05-09', 687162, '2019-09-01', 0),
(89, 'Николаева', 'Ольга', 'Алексеевна', '02.03.01', '01', 'Женский', '2001-09-18', 690123, '2019-09-01', 1),
(90, 'Большаков', 'Анатолий', 'Сергеевич', '02.03.01', '01', 'Мужской', '2001-07-30', 618271, '2019-09-01', 0),
(91, 'Фокина', 'Екатерина', ' Григорьевна', '02.03.01', '01', 'Женский', '2001-02-16', 645901, '2019-09-01', 0),
(92, 'Карпов ', 'Матвей', 'Артёмович', '02.03.02', '02', 'Мужской', '2001-06-15', 697123, '2019-09-01', 0),
(93, 'Комаров', 'Юлий', 'Максимович', '02.03.02', '02', 'Мужской', '2001-10-22', 690612, '2019-09-01', 1),
(94, 'Карпова', 'Капитолина', 'Михайловна', '02.03.02', '02', 'Женский', '2001-08-28', 690145, '2019-09-01', 0),
(95, 'Волков', 'Гавриил', 'Викторович', '02.03.02', '02', 'Мужской', '2001-03-18', 678092, '2019-09-01', 0),
(96, 'Меркушева', 'Таисия', ' Платоновна', '02.03.02', '02', 'Женский', '2001-05-19', 690612, '2019-09-01', 0),
(97, 'Молчанов', 'Валерий', 'Анатолиевич', '01.03.02', '03', 'Мужской', '2001-01-06', 698752, '2019-09-01', 0),
(98, 'Бирюков', 'Вадим', 'Иванович', '01.03.02', '03', 'Мужской', '2001-04-14', 606721, '2019-09-01', 0),
(99, 'Исакова', 'Евгения', 'Александровна', '01.03.02', '03', 'Женский', '2001-12-21', 690547, '2019-09-01', 0),
(100, 'Макаров', 'Фёдор', 'Артёмович', '01.03.02', '03', 'Мужской', '2001-06-09', 678192, '2019-09-01', 1),
(101, 'Рябова', 'Ксения', ' Эдуардовна', '01.03.02', '03', 'Женский', '2001-07-19', 62345, '2019-09-01', 0),
(102, 'Панов', 'Денис', 'Григорьевич', '09.03.04', '04', 'Мужской', '2001-08-08', 678098, '2019-09-01', 0),
(103, 'Сердюк', 'Юрий', 'Виталиевич', '09.03.04', '04', 'Мужской', '2001-04-15', 678124, '2019-09-01', 0),
(104, 'Ефимова', 'Татьяна', 'Станиславовна', '09.03.04', '04', 'Женский', '2001-11-23', 675342, '2019-09-01', 0),
(105, 'Осипов', 'Захар', 'Алексеевич', '09.03.04', '04', 'Мужской', '2001-01-10', 653478, '2019-09-01', 0),
(106, 'Веселова', 'София', ' Богдановна', '09.03.04', '04', 'Женский', '2001-03-09', 678091, '2019-09-01', 1),
(107, 'Суханов', 'Шамиль', 'Ринатович', '02.03.01', '01', 'Мужской', '1999-11-15', 908765, '2017-09-01', 1),
(108, 'Юдин', 'Семён', 'Платонович', '02.03.01', '01', 'Мужской', '1999-09-06', 906543, '2017-09-01', 0),
(109, 'Зиновьева', 'Инга', 'Васильевна', '02.03.01', '01', 'Женский', '1999-04-17', 987123, '2017-09-01', 0),
(110, 'Антонов', 'Клим', 'Борисович', '02.03.01', '01', 'Мужской', '1999-10-31', 980712, '2017-09-01', 0),
(111, 'Мясникова', 'Рената', ' Романовна', '02.03.01', '01', 'Женский', '1999-01-27', 912345, '2017-09-01', 0),
(112, 'Городецкий', 'Геннадий', 'Евгеньевич', '02.03.01', '01', 'Мужской', '1998-10-25', 543612, '2016-09-01', 0),
(113, 'Миклашевский', 'Святослав', 'Владимирович', '02.03.01', '01', 'Мужской', '1998-06-26', 587901, '2016-09-01', 1),
(114, 'Антонова', 'Вероника', 'Владимировна', '02.03.01', '01', 'Женский', '1998-02-27', 546123, '2016-09-01', 0),
(115, 'Артемьев', 'Тимофей', 'Станиславович', '02.03.01', '01', 'Мужской', '1998-08-01', 567089, '2016-09-01', 0),
(116, 'Полякова', 'Надежда', ' Михайловна', '02.03.01', '01', 'Женский', '1998-12-09', 508907, '2016-09-01', 0),
(117, 'Григорьев ', 'Назар', 'Данилович', '02.03.02', '02', 'Мужской', '1998-01-02', 509456, '2016-09-01', 0),
(118, 'Филатов', 'Ян', 'Александрович', '02.03.02', '02', 'Мужской', '1998-06-06', 567890, '2016-09-01', 0),
(119, 'Коваленко', 'Таисия', 'Ярославовна', '02.03.02', '02', 'Женский', '1998-02-14', 589130, '2016-09-01', 0),
(120, 'Гордеев', 'Ким', 'Андреевич', '02.03.02', '02', 'Мужской', '1998-12-28', 589012, '2016-09-01', 1),
(121, 'Агафонова', 'Юлия', ' Александровна', '02.03.02', '02', 'Женский', '1998-07-15', 543210, '2016-09-01', 0),
(122, 'Соболев', 'Филипп', 'Богданович', '01.03.02', '03', 'Мужской', '1998-05-17', 578901, '2016-09-01', 0),
(123, 'Орлов', 'Семён', 'Александрович', '01.03.02', '03', 'Мужской', '1998-04-24', 568712, '2016-09-01', 0),
(124, 'Голубева', 'Прасковья', 'Станиславовна', '01.03.02', '03', 'Женский', '1998-09-11', 589012, '2016-09-01', 0),
(125, 'Воронцов', 'Харитон', 'Михайлович', '01.03.02', '03', 'Мужской', '1998-08-01', 589034, '2016-09-01', 1),
(126, 'Никитина', 'Пелагея', ' Максимовна', '01.03.02', '03', 'Женский', '1998-06-24', 567123, '2016-09-01', 0),
(127, 'Дорофеев', 'Никита', 'Эдуардович', '09.03.04', '04', 'Мужской', '1998-02-13', 581345, '2016-09-01', 1),
(128, 'Артемьев', 'Аркадий', 'Сергеевич', '09.03.04', '04', 'Мужской', '1998-10-29', 587134, '2016-09-01', 0),
(129, 'Иваненко', 'Злата', 'Петровна', '09.03.04', '04', 'Женский', '1998-11-15', 579012, '2016-09-01', 0),
(130, 'Фокин', 'Юрий', 'Романович', '09.03.04', '04', 'Мужской', '1998-03-07', 509784, '2016-09-01', 0),
(131, 'Щукина', 'Екатерина', ' Евгеньевна', '09.03.04', '04', 'Женский', '1998-02-02', 563890, '2016-09-01', 0),
(132, 'Павлов', 'Павел', 'Павлович', '01.03.02', '03', 'Мужской', '1996-05-17', 111111, '2014-09-01', 0),
(133, 'Петров', 'Никита', 'Петрович', '09.03.04', '04', 'Мужской', '1997-04-15', 222222, '2015-09-01', 0);

-- --------------------------------------------------------

--
-- Структура таблицы `subject`
--

CREATE TABLE `subject` (
  `id` int(100) NOT NULL,
  `Discipline_code` varchar(100) CHARACTER SET utf8 NOT NULL,
  `Name` varchar(100) CHARACTER SET utf8 NOT NULL,
  `Number_of_hours` varchar(100) CHARACTER SET utf8 NOT NULL,
  `Type_of_certification` varchar(100) CHARACTER SET utf8 NOT NULL,
  `Study_direction_code` varchar(100) NOT NULL
) ENGINE=InnoDB DEFAULT CHARSET=latin1;

--
-- Дамп данных таблицы `subject`
--

INSERT INTO `subject` (`id`, `Discipline_code`, `Name`, `Number_of_hours`, `Type_of_certification`, `Study_direction_code`) VALUES
(1, 'Б1.Б.21', 'Компьютерная графика', '72', 'Зачёт', '01.03.02'),
(2, 'Б1.В.ОД.10\r\n', 'Теоретическая механика', '108', 'Зачёт', '01.03.02'),
(3, 'Б1.Б.25\r\n', 'Языки и методы программирования', '144', 'Экзамен', '01.03.02'),
(4, 'Б1.В.ОД.6\r\n', 'Алгоритмы: построение и анализ', '144', 'Экзамен', '01.03.02'),
(5, 'Б1.В.ОД.12\r\n', 'Основы объектно-ориентированного программирования', '108', 'Зачёт', '01.03.02'),
(6, 'Б1.Б.15\r\n', 'Функциональный анализ', '144', 'Экзамен', '01.03.02'),
(7, 'Б1.В.ДВ.7.2\r\n', 'Системы управления базами данных', '108', 'Зачёт', '01.03.02'),
(8, 'Б1.В.ОД.7\r\n', 'Кратные интегралы и ряды', '180', 'Экзамен', '01.03.02'),
(9, 'Б1.Б.4\r\n', 'Правоведение', '72', 'Зачёт', '01.03.02'),
(10, 'Б1.В.ОД.9\r\n', 'Дифференциальная геометрия и топология', '144', 'Экзамен', '01.03.02'),
(11, 'Б1.Б.17', 'Математическая логика и теория алгоритмов', '180', 'экзамен', '02.03.02'),
(12, 'Б2.У.5', 'Практика по получению первичных профессиональных умений и навыков', '108', 'зачет', '02.03.02'),
(13, 'Б1.В.ОД.12', 'Программная инженерия', '72', 'зачет', '02.03.02'),
(14, 'Б2.Д.13', 'Робототехника и программирование контроллеров', '108', 'экзамен', '02.03.02'),
(15, 'Б1.Б.26', 'Технологии баз данных', '144', 'экзамен', '02.03.02'),
(16, 'Б1.Б.21', 'Физика', '108', 'зачет', '02.03.02'),
(17, 'Б1.Б.16', 'Архитектура вычислительных систем', '144', 'экзамен', '09.03.04'),
(18, 'Б1.В.ОД.8', 'Иностранный язык для профессиональной коммуникации', '108', 'зачет', '09.03.04'),
(19, 'Б1.В.ДВ.3.1', 'Метод конечных элементов и программы компьютерной графики', '144', 'экзамен', '09.03.04'),
(20, 'Б1.У.1', 'Практикум по разработке программно-информационных систем-I', '72', 'зачет', '09.03.04'),
(21, 'Б1.Б.17', 'Проектирование и архитектура программных систем', '144', 'экзамен', '09.03.04'),
(22, 'Б1.Б.15', 'Разработка и анализ требований к программному обеспечению', '108', 'зачет', '09.03.04'),
(23, 'Б1.В.ДВ.3.2', 'Технологии мультимедиа', '144', 'экзамен', '09.03.04'),
(24, 'Б1.В.ОД.9', 'Экономика программной инженерии', '108', 'зачет', '09.03.04');

--
-- Индексы сохранённых таблиц
--

--
-- Индексы таблицы `exam`
--
ALTER TABLE `exam`
  ADD PRIMARY KEY (`id`),
  ADD KEY `Student_id` (`Student_id`);

--
-- Индексы таблицы `number_of_course`
--
ALTER TABLE `number_of_course`
  ADD PRIMARY KEY (`Beginning_of_education`);

--
-- Индексы таблицы `student`
--
ALTER TABLE `student`
  ADD PRIMARY KEY (`Id`);

--
-- Индексы таблицы `subject`
--
ALTER TABLE `subject`
  ADD PRIMARY KEY (`id`);

--
-- AUTO_INCREMENT для сохранённых таблиц
--

--
-- AUTO_INCREMENT для таблицы `exam`
--
ALTER TABLE `exam`
  MODIFY `id` int(100) NOT NULL AUTO_INCREMENT, AUTO_INCREMENT=61;
--
-- AUTO_INCREMENT для таблицы `student`
--
ALTER TABLE `student`
  MODIFY `Id` int(100) NOT NULL AUTO_INCREMENT, AUTO_INCREMENT=134;
--
-- AUTO_INCREMENT для таблицы `subject`
--
ALTER TABLE `subject`
  MODIFY `id` int(100) NOT NULL AUTO_INCREMENT, AUTO_INCREMENT=25;
/*!40101 SET CHARACTER_SET_CLIENT=@OLD_CHARACTER_SET_CLIENT */;
/*!40101 SET CHARACTER_SET_RESULTS=@OLD_CHARACTER_SET_RESULTS */;
/*!40101 SET COLLATION_CONNECTION=@OLD_COLLATION_CONNECTION */;
